{
  "id": {
    "providerName": "admin",
    "apiName": "LoginAPI",
    "version": "1.0.0"
  },
  "uuid": "530bade8-d100-4b48-b92b-d314d03c36a8",
  "type": "HTTP",
  "context": "/login/1.0.0",
  "contextTemplate": "/login/{version}",
  "tags": [],
  "documents": [],
  "lastUpdated": "Aug 1, 2018 5:00:58 PM",
  "availableTiers": [
    {
      "name": "Unlimited",
      "displayName": "Unlimited",
      "description": "Allows unlimited requests",
      "requestsPerMin": 2147483647,
      "requestCount": 2147483647,
      "unitTime": 0,
      "timeUnit": "ms",
      "tierPlan": "FREE",
      "stopOnQuotaReached": true
    }
  ],
  "availableSubscriptionLevelPolicies": [],
  "uriTemplates": [
    {
      "uriTemplate": "/oauth2/token",
      "httpVerb": "POST",
      "authType": "None",
      "httpVerbs": [
        "POST"
      ],
      "authTypes": [
        "None"
      ],
      "throttlingConditions": [],
      "throttlingTier": "Unlimited",
      "throttlingTiers": [
        "Unlimited"
      ],
      "mediationScript": "null",
      "scopes": [
        null
      ],
      "mediationScripts": {}
    }
  ],
  "apiHeaderChanged": false,
  "apiResourcePatternsChanged": false,
  "status": "CREATED",
  "visibility": "public",
  "endpointSecured": false,
  "endpointAuthDigest": false,
  "transports": "http,https",
  "inSequence": "switch_authorization_header",
  "advertiseOnly": false,
  "corsConfiguration": {
    "corsConfigurationEnabled": true,
    "accessControlAllowOrigins": [
      "*"
    ],
    "accessControlAllowCredentials": false,
    "accessControlAllowHeaders": [
      "authorization",
      "Access-Control-Allow-Origin",
      "Content-Type",
      "SOAPAction",
      "X-Authorization"
    ],
    "accessControlAllowMethods": [
      "GET",
      "PUT",
      "POST",
      "DELETE",
      "PATCH",
      "OPTIONS"
    ]
  },
  "endpointConfig": "{\"production_endpoints\":{\"url\":\"https://localhost:9443\",\"config\":null,\"template_not_supported\":false},\"endpoint_type\":\"http\"}",
  "responseCache": "Disabled",
  "cacheTimeout": 300,
  "implementation": "ENDPOINT",
  "scopes": [],
  "isDefaultVersion": false,
  "isPublishedDefaultVersion": false,
  "environments": [
    "Production and Sandbox"
  ],
  "createdTime": "1533113575503",
  "additionalProperties": {},
  "accessControl": "all",
  "rating": 0.0,
  "isLatest": true
}