{
  "id": {
    "providerName": "admin",
    "apiName": "ItemAPI",
    "version": "1.0.0"
  },
  "uuid": "5d554e94-2477-408b-9a1d-1e0620e1b9a0",
  "type": "HTTP",
  "context": "/itemapi/1.0.0",
  "contextTemplate": "/itemapi/{version}",
  "tags": [],
  "documents": [],
  "lastUpdated": "Aug 1, 2018 10:07:56 PM",
  "availableTiers": [
    {
      "name": "Gold",
      "displayName": "Gold",
      "description": "Allows 5000 requests per minute",
      "requestsPerMin": 5000,
      "requestCount": 5000,
      "unitTime": 1,
      "timeUnit": "min",
      "tierPlan": "FREE",
      "stopOnQuotaReached": true
    },
    {
      "name": "Unlimited",
      "displayName": "Unlimited",
      "description": "Allows unlimited requests",
      "requestsPerMin": 2147483647,
      "requestCount": 2147483647,
      "unitTime": 0,
      "timeUnit": "ms",
      "tierPlan": "FREE",
      "stopOnQuotaReached": true
    }
  ],
  "availableSubscriptionLevelPolicies": [],
  "uriTemplates": [
    {
      "uriTemplate": "/order/{orderid}",
      "httpVerb": "POST",
      "authType": "Any",
      "httpVerbs": [
        "POST",
        "GET",
        "PUT"
      ],
      "authTypes": [
        "Any",
        "None",
        "Any"
      ],
      "throttlingConditions": [],
      "throttlingTier": "Unlimited",
      "throttlingTiers": [
        "Unlimited",
        "Unlimited",
        "Unlimited"
      ],
      "mediationScript": "null",
      "scopes": [
        {
          "key": "sell",
          "name": "Sell",
          "roles": "seller",
          "description": "",
          "id": 4
        },
        {
          "key": "buy",
          "name": "Buy",
          "roles": "buyer,seller",
          "description": "",
          "id": 5
        },
        {
          "key": "sell",
          "name": "Sell",
          "roles": "seller",
          "description": "",
          "id": 4
        }
      ],
      "mediationScripts": {}
    }
  ],
  "apiHeaderChanged": false,
  "apiResourcePatternsChanged": false,
  "status": "CREATED",
  "visibility": "public",
  "endpointSecured": false,
  "endpointAuthDigest": false,
  "transports": "http,https",
  "advertiseOnly": false,
  "corsConfiguration": {
    "corsConfigurationEnabled": false,
    "accessControlAllowOrigins": [
      "*"
    ],
    "accessControlAllowCredentials": false,
    "accessControlAllowHeaders": [
      "authorization",
      "Access-Control-Allow-Origin",
      "Content-Type",
      "SOAPAction"
    ],
    "accessControlAllowMethods": [
      "GET",
      "PUT",
      "POST",
      "DELETE",
      "PATCH",
      "OPTIONS"
    ]
  },
  "endpointConfig": "{\"production_endpoints\":{\"url\":\"http://localhost:9090/ordermgt/\",\"config\":null,\"template_not_supported\":false},\"endpoint_type\":\"http\"}",
  "responseCache": "Disabled",
  "cacheTimeout": 300,
  "implementation": "ENDPOINT",
  "scopes": [],
  "isDefaultVersion": false,
  "isPublishedDefaultVersion": false,
  "environments": [
    "Production and Sandbox"
  ],
  "createdTime": "1533111753015",
  "additionalProperties": {},
  "accessControl": "all",
  "rating": 0.0,
  "isLatest": true
}