{
  "swagger": "2.0",
  "paths": {
    "/order/{orderid}": {
      "get": {
        "parameters": [
          {
            "name": "orderid",
            "in": "path",
            "required": true,
            "type": "string"
          }
        ],
        "responses": {
          "200": {
            "description": ""
          }
        },
        "x-auth-type": "None",
        "x-throttling-tier": "Unlimited",
        "x-scope": "buy"
      },
      "post": {
        "parameters": [
          {
            "name": "orderid",
            "in": "path",
            "required": true,
            "type": "string"
          },
          {
            "name": "Payload",
            "description": "Request Body",
            "required": false,
            "in": "body",
            "schema": {
              "type": "object",
              "properties": {
                "payload": {
                  "type": "string"
                }
              }
            }
          }
        ],
        "responses": {
          "200": {
            "description": ""
          }
        },
        "x-auth-type": "Application \u0026 Application User",
        "x-throttling-tier": "Unlimited",
        "x-scope": "sell"
      },
      "put": {
        "parameters": [
          {
            "name": "orderid",
            "in": "path",
            "required": true,
            "type": "string"
          },
          {
            "name": "Payload",
            "description": "Request Body",
            "required": false,
            "in": "body",
            "schema": {
              "type": "object",
              "properties": {
                "payload": {
                  "type": "string"
                }
              }
            }
          }
        ],
        "responses": {
          "200": {
            "description": ""
          }
        },
        "x-auth-type": "Application \u0026 Application User",
        "x-throttling-tier": "Unlimited",
        "x-scope": "sell"
      }
    }
  },
  "info": {
    "title": "ItemAPI",
    "version": "1.0.0"
  },
  "x-wso2-security": {
    "apim": {
      "x-wso2-scopes": [
        {
          "name": "Buy",
          "description": "",
          "key": "buy",
          "roles": "buyer,seller"
        },
        {
          "name": "Sell",
          "description": "",
          "key": "sell",
          "roles": "seller"
        }
      ]
    }
  }
}